file_code,title,file_size,uploaded,status,public
ephzpeenljnm,Loki S01E05,,2025-12-15 14:27:11,,1
jfb70vjo6jy4,Loki S01E04,,2025-12-15 14:26:35,,1
qpmmx14nugm1,Loki S01E06,,2025-12-15 14:26:35,,1
ienjw5yu0izh,Loki S01E03,,2025-12-15 14:19:14,,1
iwfgyklmivxh,Loki S01E02,,2025-12-15 14:19:13,,1
hgkg8oppp3in,Loki S01E01,,2025-12-15 14:19:12,,1
0q0v0hdfkidm,Loki S02E03,,2025-12-11 09:03:08,,1
g9y147205uri,Loki S02E02,,2025-12-11 09:03:06,,1
7brczxek9lau,You S05E10,,2025-12-11 08:51:13,,1
a1e4vhbsj0ji,You S05E08,,2025-12-11 08:49:22,,1
i6scif9tnvc0,You S05E07,,2025-12-11 08:49:10,,1
kn85x59ncrfo,You S05E09,,2025-12-11 08:47:13,,1
db98v5p3davq,You S05E04,,2025-12-11 08:43:10,,1
r8o8gyjw55aw,You S05E06,,2025-12-11 08:41:19,,1
p7g9wy55ue71,You S05E05,,2025-12-11 08:41:10,,1
253o2l71eqjn,You S05E03,,2025-12-11 08:37:10,,1
bcxwu1mte2ek,You S05E02,,2025-12-11 08:35:24,,1
c491oinwsqyu,You S05E01,,2025-12-11 08:35:14,,1
qk5vc9roqpk0,You S04E10,,2025-12-11 08:31:03,,1
i8jdsg4m62uf,You S04E09,,2025-12-11 08:31:01,,1
i02fjadetjz7,You S04E08,,2025-12-11 08:30:59,,1
5jsl56iq9r8o,You S04E07,,2025-12-11 08:29:04,,1
6tn4spd0suk3,You S04E06,,2025-12-11 08:29:03,,1
q2p18gimzmbj,You S04E05,,2025-12-11 08:27:09,,1
suxya6s61tv8,You S04E04,,2025-12-11 08:27:07,,1
p79x24l4wtal,You S04E03,,2025-12-11 08:25:07,,1
yhieuwliohd4,You S04E02,,2025-12-11 08:25:05,,1
dnq7joifulcj,You S04E01,,2025-12-11 08:25:02,,1
7idxstb6a1y2,You S03E10,,2025-12-11 08:23:14,,1
ccg1i17xattt,You S03E09,,2025-12-11 08:23:07,,1
xes1tuelyixb,You S03E08,,2025-12-11 08:21:13,,1
sjz8ia3zekr3,You S03E07,,2025-12-11 08:21:07,,1
bpchqbfjewvf,You S03E06,,2025-12-11 08:21:01,,1
qpmm8t4fe98a,You S03E05,,2025-12-11 08:19:18,,1
tyhn8bfxx8dd,You S03E04,,2025-12-11 08:19:13,,1
0t0nci20j204,You S03E02,,2025-12-11 08:19:07,,1
acbrpapwwaiq,You S03E03,,2025-12-11 08:17:05,,1
rwkbx2cc27wv,You S03E01,,2025-12-11 08:15:17,,1
32244ga0vbxh,You S02E10,,2025-12-11 08:15:10,,1
jivdcr0bt7rr,You S02E09,,2025-12-11 08:15:05,,1
8xc5gi3ca41i,You S02E08,,2025-12-11 08:13:21,,1
oq7gqtthm9t7,You S02E07,,2025-12-11 08:13:16,,1
mnddh01qv36k,You S02E05,,2025-12-11 08:13:10,,1
9fbddfuvprgn,You S02E06,,2025-12-11 08:11:25,,1
tpzs2ez6x0pc,You S02E04,,2025-12-11 08:11:19,,1
z5q0fn9dczg5,You S02E02,,2025-12-11 08:11:13,,1
9n7x5cwa6s1e,You S02E01,,2025-12-11 08:11:08,,1
lg9uuxohmcqa,You S02E03,,2025-12-11 08:09:23,,1
xj4ke6aixxrn,You S01E10,,2025-12-11 08:09:16,,1
lln3m4uiq08j,You S01E09,,2025-12-11 08:09:15,,1
cecshulpocse,You S01E08,,2025-12-11 08:09:14,,1
fiklxmo48yhm,You S01E06,,2025-12-11 08:09:13,,1
a3667tcdasdh,Loki S02E06,,2025-12-11 08:09:11,,1
1srxa18mfrwq,You S01E07,,2025-12-11 08:05:09,,1
wx4kp994vmsw,You S01E05,,2025-12-11 08:05:08,,1
bacv00pzqjcp,You S01E04,,2025-12-11 08:05:07,,1
9vgzgvgo8zc8,You S01E03,,2025-12-11 08:03:07,,1
dx2ms8lnbx2s,You S01E02,,2025-12-11 08:03:06,,1
1me9g4vv46vv,You S01E01,,2025-12-11 08:01:08,,1
2p3r7mn7i0by,Loki S02E05,,2025-12-11 08:01:07,,1
f0b70r6us5a6,Loki S02E04,,2025-12-11 08:01:05,,1
96lbkn002xqx,Loki S02E01,,2025-12-11 08:01:02,,1
t86tofk3ejpb,Chernobyl S01E05,,2025-12-07 08:53:20,,1
uzrjr9v3r49h,Chernobyl S01E01,,2025-12-07 08:53:17,,1
g80xmcqddxdq,Chernobyl S01E04,,2025-12-07 08:13:38,,1
k0ibsceagtad,Chernobyl S01E03,,2025-12-07 08:13:37,,1
x3zu2fvy00xr,Chernobyl S01E02,,2025-12-07 08:13:36,,1
wmrdx606wk9g,The Last Of Us S02E07,,2025-12-06 15:07:16,,1
zks662e259wm,The Last Of Us S02E05,,2025-12-06 15:07:13,,1
uyr4rjx7kldc,The Boys S04E08,,2025-12-06 15:07:09,,1
rhp2gtxroe6h,The Boys S04E07,,2025-12-06 15:06:50,,1
2b36ylrtpvqm,The Boys S04E06,,2025-12-06 15:06:27,,1
86d7s8ev2t9o,The Boys S04E05,,2025-12-06 15:06:09,,1
6gtozflgzox3,The Boys S04E04,,2025-12-06 15:05:48,,1
yyjacrgjrat6,The Boys S04E03,,2025-12-06 15:05:29,,1
pf1jyo8bnsa9,The Boys S04E02,,2025-12-06 14:15:52,,1
acdfbk05pqyh,The Boys S04E01,,2025-12-06 14:15:33,,1
y06lfrzqzknc,The Boys S03E07,,2025-12-06 14:15:23,,1
oc8itugvlt87,The Boys S03E06,,2025-12-06 14:15:09,,1
iu3suolkekk5,The Boys S03E08,,2025-12-06 14:01:15,,1
dgv2weu1aqed,The Boys S02E08,,2025-12-06 13:57:13,,1
uat6a07r2p5x,The Boys S03E05,,2025-12-06 13:49:44,,1
8j0wxhd0mbay,The Boys S03E04,,2025-12-06 13:49:28,,1
14ueiuld8uyn,The Boys S03E03,,2025-12-06 13:49:13,,1
bj7nb37it6yp,The Boys S03E02,,2025-12-06 13:47:12,,1
s4q3dg51smn4,The Boys S02E07,,2025-12-06 13:25:37,,1
pb6xbu7vckay,The Boys S02E06,,2025-12-06 13:25:24,,1
ie99g62flprd,The Boys S02E05,,2025-12-06 13:25:10,,1
c42eyz5sj3dj,The Boys S03E01,,2025-12-06 13:21:17,,1
txnsr3tim69o,The Boys S02E04,,2025-12-06 13:09:56,,1
5k9frrk83b7i,The Boys S02E03,,2025-12-06 13:09:41,,1
0g47ndbf2svt,The Boys S02E02,,2025-12-06 13:09:28,,1
ml5k4munrh8k,The Boys S02E01,,2025-12-06 13:09:14,,1
juxvrujjictz,The Boys S01E08,,2025-12-06 13:07:08,,1
4x7ivyvdnh32,The Boys S01E07,,2025-12-06 12:54:03,,1
pojylaweo1sj,The Boys S01E06,,2025-12-06 12:53:52,,1
dw5q1zu8f75q,The Boys S01E05,,2025-12-06 12:53:40,,1
y5ol5qpaxmkr,The Boys S01E04,,2025-12-06 12:53:28,,1
fr1v3sqoqvjh,The Boys S01E03,,2025-12-06 12:53:17,,1
5kyr1vptn3r3,The Boys S01E06,,2025-12-06 12:15:29,,1
nhmpia9eggy9,The Boys S01E05,,2025-12-06 12:15:21,,1
pgvvb6yf2z4x,The Boys S01E04,,2025-12-06 12:15:11,,1
bwaq4sodcw9k,The Boys S01E02,,2025-12-06 12:09:27,,1
v8pjt6uw566i,The Boys S01E01,,2025-12-06 12:09:15,,1
8dibr6eyqwo0,The Last Of Us S02E06,,2025-12-04 14:39:04,,1
0xt2py3uft7k,The Last Of Us S02E02,,2025-12-04 13:51:02,,1
pfqslgs4m1wi,The Last Of Us S02E04,,2025-12-04 13:45:07,,1
t7zn76dpijl2,The Last Of Us S02E03,,2025-12-04 12:36:07,,1
3h3v9bkrrvd2,The Last Of Us S02E01,,2025-12-04 12:35:58,,1
m1v3ksecd0si,The Last of Us S01E09,,2025-12-04 12:35:54,,1
15oqz70nw8ec,The Last of Us S01E08,,2025-12-04 12:35:44,,1
0qnb4a04f9ci,The Last of Us S01E07,,2025-12-04 12:35:35,,1
6sltd9lpaub1,The Last of Us S01E06,,2025-12-04 12:35:25,,1
caaj61dpceiz,The Last of Us S01E05,,2025-12-04 12:35:11,,1
gs279m83d70b,The Last of Us S01E04,,2025-12-04 12:35:01,,1
dijpqopqgkvt,The Last of Us S01E03,,2025-12-04 12:34:53,,1
nb0d6d6qupme,The Last of Us S01E02,,2025-12-04 12:34:37,,1
1xz0zne8jzi6,The Last of Us S01E01,,2025-12-04 12:34:26,,1
6wtzw4vgf865,The Witcher S04E05,,2025-12-03 09:25:12,,1
s8duf4irnkm8,The Witcher S04E07,,2025-12-03 09:23:19,,1
4ff1munjpegn,The Witcher S04E04,,2025-12-03 09:13:38,,1
4m7ii1dd8mfm,The Witcher S04E03,,2025-12-03 09:13:26,,1
mzyt9by66xlb,The Witcher S04E02,,2025-12-03 09:13:11,,1
ehvz1xr607n3,The Witcher S04E08,,2025-12-03 08:53:18,,1
xknqoilh9aqp,The Witcher S04E06,,2025-12-03 08:43:18,,1
vhub2p8buj1h,The Witcher S04E01,,2025-12-03 08:32:01,,1
77laautz32h3,The Witcher S03E08,,2025-12-03 08:31:46,,1
47whxhc6mxfu,The Witcher S03E07,,2025-12-03 08:31:27,,1
r9xmyex0hnhp,The Witcher S03E06,,2025-12-03 08:31:12,,1
g411y6i3jxk6,The Witcher S03E05,,2025-12-03 08:30:58,,1
ykr7ycx9vu9e,The Witcher S03E04,,2025-12-03 08:30:45,,1
ju7rsbd2ni3n,The Witcher S03E03,,2025-12-03 07:40:09,,1
tgi48gexkjg0,The Witcher S03E02,,2025-12-03 07:39:53,,1
7xbggkgmsj3x,The Witcher S03E01,,2025-12-03 07:39:38,,1
fmmfvegsspzl,The Witcher S02E08,,2025-12-03 07:39:21,,1
s6zip02q9xd0,The Witcher S02E07,,2025-12-03 07:39:09,,1
w0oq21jbwt72,The Witcher S02E06,,2025-12-03 07:38:55,,1
yb52hburf68y,The Witcher S02E05,,2025-12-03 07:38:39,,1
lribrz8vh5r6,The Witcher S02E04,,2025-12-03 07:38:28,,1
21kr6c0sblye,The Witcher S02E03,,2025-12-03 07:38:18,,1
ztcqafrj2ofy,The Witcher S02E02,,2025-12-03 07:38:04,,1
40iwcswtygs5,The Witcher S02E01,,2025-12-03 07:37:48,,1
zpl5thtml2pd,The Witcher S01E08,,2025-12-03 07:37:36,,1
jbpmf25505xc,The Witcher S01E07,,2025-12-03 07:37:24,,1
ee83zog4nr25,The Witcher S01E06,,2025-12-03 07:37:15,,1
sb9c9jm6ufsh,The Witcher S01E05,,2025-12-03 07:37:03,,1
1n2qgocxeekz,The Witcher S01E04,,2025-12-03 07:36:51,,1
mumn1gfemndp,The Witcher S01E03,,2025-12-03 07:36:40,,1
c33uz48adi2m,The Witcher S01E02,,2025-12-03 07:36:30,,1
f34dcnzzfm69,The Witcher S01E01,,2025-12-03 07:36:19,,1
bx2yra01lkx3,Maxton Hall The World Between Us S01E05,,2025-12-01 14:03:15,,1
5e5yg3p19gzl,Maxton Hall The World Between Us S01E06,,2025-12-01 14:01:30,,1
j1ym8nvba0w7,Maxton Hall The World Between Us S01E04,,2025-12-01 14:01:13,,1
gnvuusod64ge,Maxton Hall The World Between Us S01E03,,2025-12-01 13:53:39,,1
l0iqvqxafmn8,Maxton Hall The World Between Us S01E01,,2025-12-01 13:53:19,,1
cuhf26g4wg6c,Maxton Hall The World Between Us S01E02,,2025-12-01 13:51:20,,1
azeiphs1utet,House of the Dragon S02E08,,2025-12-01 12:31:18,,1
uvnsv8wyr6qz,House of the Dragon S02E07,,2025-12-01 12:29:19,,1
8cn0j02bbpy0,House of the Dragon S02E06,,2025-12-01 12:29:09,,1
r0olcxmqz0fo,House of the Dragon S02E05,,2025-12-01 12:23:08,,1
slrcsaww0q2h,House of the Dragon S02E03,,2025-12-01 12:21:19,,1
b32fxom3ykz0,House of the Dragon S02E04,,2025-12-01 12:19:08,,1
i7vv2p5dei0n,House of the Dragon S02E02,,2025-12-01 12:13:12,,1
s3fkwatmy0of,House of the Dragon S02E01,,2025-12-01 12:11:12,,1
win18f8qcr0e,House of the Dragon S01E10,,2025-12-01 12:09:05,,1
5q60n9dq3ddt,House of the Dragon S01E09,,2025-12-01 12:05:18,,1
sk4df6oqr9ae,House of the Dragon S01E08,,2025-12-01 12:05:09,,1
6riahou6tzl0,House of the Dragon S01E07,,2025-12-01 12:01:09,,1
x6zf7eza0n6l,House of the Dragon S01E06,,2025-12-01 11:59:13,,1
fckz03sa8c65,House of the Dragon S01E05,,2025-12-01 11:57:12,,1
qp1k0xmg429s,House of the Dragon S01E04,,2025-12-01 11:55:08,,1
hhrxzw8dnl97,House of the Dragon S01E01,,2025-12-01 11:53:14,,1
zx3imiwju872,House of the Dragon S01E03,,2025-12-01 11:51:06,,1
b0evvrkf95pg,House of the Dragon S01E02,,2025-12-01 11:47:10,,1
infbgb8924jq,Squid Game S03E06,,2025-12-01 06:41:49,,1
urj5sskmbxgi,Squid Game S03E05,,2025-12-01 06:41:35,,1
cp03s6p26bls,Squid Game S03E04,,2025-12-01 06:41:18,,1
z2gaoiyzea27,Squid Game 2021 S01E06,,2025-12-01 06:31:28,,1
yx0itl0lnuv4,Squid Game 2021 S01E05,,2025-12-01 06:31:22,,1
jzmc386yhh8b,Squid Game 2021 S01E04,,2025-12-01 06:31:13,,1
5bvra3thwln8,Squid Game 2021 S01E02,,2025-12-01 06:29:20,,1
eop8anu6sm5c,Squid Game 2021 S01E01,,2025-12-01 06:25:27,,1
t6ydakz125yx,Squid Game S03E03,,2025-12-01 06:09:12,,1
jlo6s7zvmx7f,Squid Game S03E02,,2025-12-01 06:07:34,,1
cn4qexn5j5ix,Squid Game S03E01,,2025-12-01 06:07:20,,1
h93vt76hpr60,Squid Game S02E06,,2025-12-01 06:01:22,,1
26x935s6hm5g,Squid Game S02E07,,2025-12-01 05:59:24,,1
kxvbhz9wok0p,Squid Game S02E05,,2025-12-01 05:59:17,,1
ixl9kc17zzlw,Squid Game S02E03,,2025-12-01 05:57:14,,1
zd29rfdjqbpf,Squid Game S02E04,,2025-12-01 05:55:19,,1
j96co7wp3cel,Squid Game 2021 S01E09,,2025-12-01 05:51:19,,1
of7xm2ghj7g9,Squid Game S02E02,,2025-12-01 05:47:30,,1
xdobnz02pqzz,Squid Game S02E01,,2025-12-01 05:47:17,,1
r3moyts3x2ly,Squid Game 2021 S01E08,,2025-12-01 05:43:34,,1
tio35aejelno,Squid Game 2021 S01E07,,2025-12-01 05:39:40,,1
32ltzvu61jtm,Squid Game 2021 S01E06,,2025-12-01 05:39:22,,1
t3oi87u2mx7j,Squid Game 2021 S01E05,,2025-12-01 05:35:24,,1
tcd211hgpwne,Squid Game 2021 S01E04,,2025-12-01 05:25:35,,1
eupldyscas41,Squid Game 2021 S01E02,,2025-12-01 05:25:17,,1
mkmrdyas2fzq,Squid Game 2021 S01E03,,2025-12-01 05:23:12,,1
b721yogttzm8,Stranger Things S05E04,,2025-11-30 18:51:26,,1
7fatbornzvk4,Stranger Things S05E03,,2025-11-30 18:47:24,,1
7cninza9r90u,Stranger Things S05E02,,2025-11-30 18:43:19,,1
kvlof86qbrk8,Stranger Things S05E01,,2025-11-30 18:41:30,,1
8qdtd9n24aqj,Stranger Things S04E09,,2025-11-30 18:37:36,,1
i11s8pr9q4ac,Stranger Things S04E08,,2025-11-30 18:31:34,,1
odhi23t4xmov,Stranger Things S04E07,,2025-11-30 18:27:44,,1
lujovbhjrgml,Stranger Things S04E06,,2025-11-30 18:19:28,,1
zx1puzbcxm9s,Stranger Things S04E05,,2025-11-30 18:17:30,,1
hy12v0yybehw,Stranger Things S04E04,,2025-11-30 18:13:28,,1
paxxhoey4z1t,Stranger Things S04E03,,2025-11-30 18:05:15,,1
kz4hz1t8eq5o,Stranger Things S04E02,,2025-11-30 18:01:21,,1
rvl46oecee5a,Stranger Things S04E01,,2025-11-30 17:57:30,,1
1rtg872byd9l,Stranger Things S03E08,,2025-11-29 18:51:18,,1
fr1v4sflhgke,Stranger Things S03E07,,2025-11-29 18:35:16,,1
871ts1izp4v4,Stranger Things S03E06,,2025-11-29 18:31:08,,1
dwotx70qjns8,Stranger Things S03E05,,2025-11-29 18:11:06,,1
uk84ny9be52r,Stranger Things S03E04,,2025-11-29 17:47:16,,1
5pk4d0z1pisl,Stranger Things S03E03,,2025-11-29 17:45:11,,1
wfrrd7fj1m3d,Stranger Things S03E02,,2025-11-29 17:43:12,,1
hglpc9cnajpb,Stranger Things S03E01,,2025-11-29 17:37:14,,1
y7tm6p9z8t1m,Stranger Things S02E09,,2025-11-29 17:33:13,,1
lvzf2i5efzaq,Stranger Things S02E08,,2025-11-29 17:31:01,,1
u4qkrs03ogh9,Stranger Things S02E07,,2025-11-29 17:29:07,,1
k71ym30mr7hy,Stranger Things S02E06,,2025-11-29 17:27:04,,1
wl99eq8nlt2q,Stranger Things S02E05,,2025-11-29 17:25:03,,1
d0nxteisyo3v,Stranger Things S02E04,,2025-11-29 17:21:11,,1
k3i44annb519,Stranger Things S02E03,,2025-11-29 17:19:07,,1
vpm9sd64345r,Stranger Things S02E02,,2025-11-29 17:07:04,,1
tsspsvabxqve,Stranger Things S02E01,,2025-11-29 16:59:11,,1
jmiy2a90vneq,Stranger Things S01E08,,2025-11-29 16:51:03,,1
61lqfvd1fca8,Stranger Things S01E07,,2025-11-29 16:19:03,,1
vp0gg7x82mmr,Stranger Things S01E06,,2025-11-29 16:17:11,,1
0t483cqhar3h,Stranger Things S01E05,,2025-11-29 16:03:01,,1
itwfsubhikh9,Stranger Things S01E04,,2025-11-29 16:01:07,,1
cgdjcmqtj1up,Stranger Things S01E03,,2025-11-29 15:47:10,,1
rydvvs00b6xb,Stranger Things S01E02,,2025-11-29 15:33:25,,1
z2vs4y1xzr5b,Stranger Things S01E01,,2025-11-29 15:33:23,,1
tlckqjsh7j31,Breaking Bad S05E16,,2025-11-10 17:59:48,,1
cdf35ru77v74,Breaking Bad S05E15,,2025-11-10 17:53:04,,1
5n14kief2g0c,Breaking Bad S05E14,,2025-11-10 17:51:03,,1
mymb4mwdc0jo,Breaking Bad S05E13,,2025-11-10 17:47:10,,1
lv53b41v80vn,Breaking Bad S05E12,,2025-11-10 17:45:12,,1
47h82vrydu8c,Breaking Bad S05E11,,2025-11-10 17:07:05,,1
67nnxzs4hvkp,Breaking Bad S05E10,,2025-11-10 17:03:19,,1
rydvlbccpu3n,Breaking Bad S05E09,,2025-11-10 16:59:08,,1
7492bm8tsqqf,Breaking Bad S05E08,,2025-11-10 16:55:28,,1
r5khwcff3e46,Breaking Bad S05E07,,2025-11-10 16:51:34,,1
s1v65vluz3wu,Breaking Bad S05E06,,2025-11-10 16:47:16,,1
lr2tr5w8frpb,Breaking Bad S05E05,,2025-11-10 16:45:04,,1
o3ch0chkg43q,Breaking Bad S05E04,,2025-11-10 15:03:04,,1
dzea8v46109y,Breaking Bad S05E03,,2025-11-10 15:01:06,,1
xu5n9g2pexy7,Breaking Bad S05E02,,2025-11-10 14:59:19,,1
vqlcl75tjau2,Breaking Bad S05E01,,2025-11-10 14:55:10,,1
pc79njic5m3i,Breaking Bad S04E13,,2025-11-10 14:53:18,,1
u5pndgv3xhj3,Breaking Bad S04E12,,2025-11-10 14:51:01,,1
g27xiaggbh6t,Breaking Bad S04E11,,2025-11-10 14:43:19,,1
qa1jvqqkhe7q,Breaking Bad S04E10,,2025-11-10 14:40:59,,1
cytenvr2qk7a,Breaking Bad S04E11,,2025-11-10 14:27:11,,1
591wp09di6mf,Breaking Bad S04E09,,2025-11-10 14:01:08,,1
if2jq1o7rynd,Breaking Bad S04E08,,2025-11-10 13:59:15,,1
lfp5ulf16i20,Breaking Bad S04E07,,2025-11-10 13:56:59,,1
r0vvrh4kl589,Breaking Bad S04E06,,2025-11-10 13:55:04,,1
6nnmf1so4vqu,Breaking Bad S04E05,,2025-11-10 13:52:57,,1
uc8tl5wgciay,Breaking Bad S04E04,,2025-11-10 13:49:07,,1
tkpy6mkpmytm,Breaking Bad S04E03,,2025-11-10 13:46:58,,1
igo6tvm38yya,Breaking Bad S04E02,,2025-11-10 13:45:01,,1
rt2xd1wwolif,Breaking Bad S04E01,,2025-11-10 13:43:04,,1
z0zt94ln4mne,Breaking Bad S03E13,,2025-11-10 13:39:00,,1
skf388cw1lk4,Breaking Bad S03E12,,2025-11-10 13:37:10,,1
j4cho74zmq4u,Breaking Bad S03E11,,2025-11-10 13:35:07,,1
0u6vpf50r3ar,Breaking Bad S03E10,,2025-11-10 13:31:02,,1
y16ww4aleft8,Breaking Bad S03E09,,2025-11-10 13:28:56,,1
07bjrcx8j0vh,Breaking Bad S03E08,,2025-11-10 13:27:06,,1
hkre3g5qbze3,Breaking Bad S03E07,,2025-11-10 13:25:01,,1
ujejffqcc57z,Breaking Bad S03E06,,2025-11-10 11:47:06,,1
60jddbn32omv,Breaking Bad S03E05,,2025-11-10 11:45:19,,1
cjm5n1prx3fp,Breaking Bad S03E04,,2025-11-10 11:43:15,,1
fyfyo2obf9hx,Breaking Bad S03E03,,2025-11-10 11:41:17,,1
ncbxrf56kmnj,Breaking Bad S03E02,,2025-11-10 11:37:12,,1
bxav43f36153,Breaking Bad S03E01,,2025-11-10 11:35:04,,1
5k8d9xfsnesu,Breaking Bad S02E13,,2025-11-10 10:41:08,,1
0po2xeswto5d,Breaking Bad S02E12,,2025-11-10 10:41:07,,1
cznv4kkxn7ka,Breaking Bad S02E11,,2025-11-10 10:41:06,,1
3owsr1x098pm,Breaking Bad S02E09,,2025-11-10 10:41:05,,1
u7ygcgql3r05,Breaking Bad S02E10,,2025-11-10 10:41:05,,1
lzcyj3w5ncn0,Breaking Bad S02E08,,2025-11-10 10:41:04,,1
2zq73oc8cwwi,Breaking Bad S02E07,,2025-11-10 10:41:03,,1
1x2vhbydevkx,Breaking Bad S02E06,,2025-11-10 09:36:59,,1
nd9vczn51aki,Breaking Bad S02E05,,2025-11-10 09:27:13,,1
ztgbws1rewvp,Breaking Bad S02E04,,2025-11-10 09:23:03,,1
8dcka2yjj4fl,Breaking Bad S02E03,,2025-11-10 09:19:23,,1
6tecyzza5dj6,Breaking Bad S02E02,,2025-11-10 09:16:56,,1
d4rj8ue85ci9,Breaking Bad S02E01,,2025-11-10 09:13:06,,1
4roo2yag0oqv,Breaking Bad S01E07,,2025-11-10 09:10:56,,1
4ldj9iyesmax,Breaking Bad S01E06,,2025-11-10 09:09:10,,1
5mnb50m3evhu,Breaking Bad S01E05,,2025-11-10 09:06:56,,1
26soj0utopa0,Breaking Bad S01E04,,2025-11-10 09:03:10,,1
x1dzfw3yb2hg,Breaking Bad S01E03,,2025-11-10 09:00:55,,1
y9yvg8s78sfa,Breaking Bad S01E02,,2025-11-10 08:58:57,,1
fbiencbycyd4,Breaking Bad S01E01,,2025-11-10 08:56:58,,1
